product_name,product_image,product_code,product_price
Women's District Run Sneaker,https://www.famousfootwear.com/ProductImages/shoes_ia50625.jpg?preset=details,50625,49.99
Women's Chuck Taylor All Star Madison High Top Sneaker,https://www.famousfootwear.com/ProductImages/shoes_ia50747.jpg?preset=details,50747,"
            Add to cart for price"
Women's Ebernon Low Sneaker,https://www.famousfootwear.com/ProductImages/shoes_ia78496.jpg?preset=details,78496,"
            Add to cart for price"
Chuck Taylor All Star High Top Sneaker,https://www.famousfootwear.com/ProductImages/shoes_ia68403.jpg?preset=details,68403,59.99
Women's Zoom Winflo 5 Running Shoe,https://www.famousfootwear.com/ProductImages/shoes_ia32699.jpg?preset=details,32699,89.99
Women's Remix Running Shoe,https://www.famousfootwear.com/ProductImages/shoes_ia74514.jpg?preset=details,74514,"
            Add to cart for price"
Women's Grand Court Sneaker,https://www.famousfootwear.com/ProductImages/shoes_ia33533.jpg?preset=details,33533,64.99
Women's Doheny Sneaker,https://www.famousfootwear.com/ProductImages/shoes_ia50333.jpg?preset=details,50333,54.99
Women's 420 V4 Wide Running Shoe,https://www.famousfootwear.com/ProductImages/shoes_ia73077.jpg?preset=details,73077,49.99
Women's Zinger Sneaker,https://www.famousfootwear.com/ProductImages/shoes_ia94804.jpg?preset=details,94804,39.99
Women's Chuck Taylor All Star Madison High Top Sneaker,https://www.famousfootwear.com/ProductImages/shoes_ia50718.jpg?preset=details,50718,59.99
Women's Grand Court Sneaker,https://www.famousfootwear.com/ProductImages/shoes_ia33526.jpg?preset=details,33526,64.99
Women's Questar Flow Sneaker,https://www.famousfootwear.com/ProductImages/shoes_ia56504.jpg?preset=details,56504,69.99
Women's Ultra Flex Statement Sneaker,https://www.famousfootwear.com/ProductImages/shoes_ia76338.jpg?preset=details,76338,54.99
Women's Crazychaos Sneaker,https://www.famousfootwear.com/ProductImages/shoes_ia90319.jpg?preset=details,90319,74.99
Women's Doheny Sneaker,https://www.famousfootwear.com/ProductImages/shoes_ia57649.jpg?preset=details,57649,54.99
Women's Run Swift Wide Running Shoe,https://www.famousfootwear.com/ProductImages/shoes_ia91776.jpg?preset=details,91776,69.99
Women's Zoom Winflo 5 Running Shoe,https://www.famousfootwear.com/ProductImages/shoes_ia35891.jpg?preset=details,35891,89.99
Women's Devotion Plus Walking Shoe,https://www.famousfootwear.com/ProductImages/shoes_ia93064.jpg?preset=details,93064,59.99
Women's D'lites Zenway Sneaker,https://www.famousfootwear.com/ProductImages/shoes_ia72441.jpg?preset=details,72441,59.99
Women's Chuck Taylor All Star Madison High Top Sneaker,https://www.famousfootwear.com/ProductImages/shoes_ia18744.jpg?preset=details,18744,59.99
Women's Cloudfoam Pure Sneaker,https://www.famousfootwear.com/ProductImages/shoes_ia56543.jpg?preset=details,56543,69.99
Women's Tanjun Sneaker,https://www.famousfootwear.com/ProductImages/shoes_ia92151.jpg?preset=details,92151,64.99
Women's Pursuit Running Shoe,https://www.famousfootwear.com/ProductImages/shoes_ia72507.jpg?preset=details,72507,"
            Add to cart for price"
Women's VIVID Training Shoe,https://www.famousfootwear.com/ProductImages/shoes_ia18025.jpg?preset=details,18025,59.99
Women's Surge Running Shoe,https://www.famousfootwear.com/ProductImages/shoes_ia90823.jpg?preset=details,90823,"
            Add to cart for price"
Women's Legend React 2 Running Shoe,https://www.famousfootwear.com/ProductImages/shoes_ia91861.jpg?preset=details,91861,84.99
Women's Questar Flow Sneaker,https://www.famousfootwear.com/ProductImages/shoes_ia30429.jpg?preset=details,30429,74.99
Women's Nergize Sneaker,https://www.famousfootwear.com/ProductImages/shoes_ia73679.jpg?preset=details,73679,59.99
Women's Nike SB Check Solar Canvas Sneaker,https://www.famousfootwear.com/ProductImages/shoes_ia35516.jpg?preset=details,35516,64.99
Women's GEL-Venture 6 Wide Trail Running Shoe,https://www.famousfootwear.com/ProductImages/shoes_ia18874.jpg?preset=details,18874,59.99
Women's Ward Low Top Sneaker,https://www.famousfootwear.com/ProductImages/shoes_ia30526.jpg?preset=details,30526,59.99
Women's Flex Appeal 3.0 Sneaker,https://www.famousfootwear.com/ProductImages/shoes_ia33679.jpg?preset=details,33679,54.99
Women's District Run Sneaker,https://www.famousfootwear.com/ProductImages/shoes_ia50624.jpg?preset=details,50624,54.99
Women's Grand Court Sneaker,https://www.famousfootwear.com/ProductImages/shoes_ia56694.jpg?preset=details,56694,59.99
Women's Disruptor Premium 2 Sneaker,https://www.famousfootwear.com/ProductImages/shoes_ia90944.jpg?preset=details,90944,"
            Add to cart for price"
Women's D'Lites Sneaker,https://www.famousfootwear.com/ProductImages/shoes_ia00846.jpg?preset=details,00846,54.99
Women's Roshe Sneaker,https://www.famousfootwear.com/ProductImages/shoes_ia96715.jpg?preset=details,96715,74.99
Women's Cohesion 12 Plush Running Shoe,https://www.famousfootwear.com/ProductImages/shoes_ia58968.jpg?preset=details,58968,59.99
Chuck Taylor All Star High Top Sneaker,https://www.famousfootwear.com/ProductImages/shoes_ia70817.jpg?preset=details,70817,59.99
Women's D'Lites Sneaker,https://www.famousfootwear.com/ProductImages/shoes_ia91434.jpg?preset=details,91434,54.99
Women's D'Lites Wide Sneaker Clog,https://www.famousfootwear.com/ProductImages/shoes_ia54232.jpg?preset=details,54232,59.99
Women's Zuma Studio Sneaker,https://www.famousfootwear.com/ProductImages/shoes_ia18327.jpg?preset=details,18327,49.99
Women's Run Swift Wide Running Shoe,https://www.famousfootwear.com/ProductImages/shoes_ia92133.jpg?preset=details,92133,69.99
Women's D Lite Sneaker,https://www.famousfootwear.com/ProductImages/shoes_ia72450.jpg?preset=details,72450,54.99
Women's Incite Running Shoe,https://www.famousfootwear.com/ProductImages/shoes_ia92051.jpg?preset=details,92051,59.99
Women's Nergize Sneaker,https://www.famousfootwear.com/ProductImages/shoes_ia91426.jpg?preset=details,91426,59.99
Women's Runfalcon Running Shoe,https://www.famousfootwear.com/ProductImages/shoes_ia18939.jpg?preset=details,18939,49.99
Women's Remix Running Shoe,https://www.famousfootwear.com/ProductImages/shoes_ia70829.jpg?preset=details,70829,"
            Add to cart for price"
Women's Pacer Next Cage Sneaker,https://www.famousfootwear.com/ProductImages/shoes_ia91962.jpg?preset=details,91962,69.99
Women's Run Swift Running Shoe,https://www.famousfootwear.com/ProductImages/shoes_ia71084.jpg?preset=details,71084,69.99
Women's Air Max Bella Training Shoe,https://www.famousfootwear.com/ProductImages/shoes_ia33000.jpg?preset=details,33000,79.99
Women's Pacer Next Cage Sneaker,https://www.famousfootwear.com/ProductImages/shoes_ia91283.jpg?preset=details,91283,69.99
Women's Ward Platform Sneaker,https://www.famousfootwear.com/ProductImages/shoes_ia18171.jpg?preset=details,18171,64.99
Women's Excursion Wide Trail Running Shoe,https://www.famousfootwear.com/ProductImages/shoes_ia92701.jpg?preset=details,92701,64.99
Women's Winflo 5 Wide Running Shoe,https://www.famousfootwear.com/ProductImages/shoes_ia92113.jpg?preset=details,92113,89.99
Women's Grand Court Sneaker,https://www.famousfootwear.com/ProductImages/shoes_ia90189.jpg?preset=details,90189,64.99
Women's Gratis Slip On Wide Sneaker,https://www.famousfootwear.com/ProductImages/shoes_ia33690.jpg?preset=details,33690,59.99
Women's Viale Sneaker,https://www.famousfootwear.com/ProductImages/shoes_ia32645.jpg?preset=details,32645,59.99
Women's Cloudfoam Pure Sneaker,https://www.famousfootwear.com/ProductImages/shoes_ia33462.jpg?preset=details,33462,69.99
Women's Charged Escape 2 Running Shoe,https://www.famousfootwear.com/ProductImages/shoes_ia78550.jpg?preset=details,78550,89.99
Women's Pacer Next Cage Sneaker,https://www.famousfootwear.com/ProductImages/shoes_ia90388.jpg?preset=details,90388,64.99
Chuck Taylor All Star Low Top Canvas Sneaker,https://www.famousfootwear.com/ProductImages/shoes_ia33421.jpg?preset=details,33421,49.99
Women's Charged Escape Running Shoe,https://www.famousfootwear.com/ProductImages/shoes_ia78528.jpg?preset=details,78528,89.99
Women's Empire Dlux Slip On Sneaker,https://www.famousfootwear.com/ProductImages/shoes_ia90312.jpg?preset=details,90312,54.99
Women's GEL-Contend 4 Running Shoe,https://www.famousfootwear.com/ProductImages/shoes_ia78542.jpg?preset=details,78542,54.99
Women's GEL-Venture 6 Wide Trail Running Shoe,https://www.famousfootwear.com/ProductImages/shoes_ia00711.jpg?preset=details,00711,59.99
Women's Zoom Winflo 5 Running Shoe,https://www.famousfootwear.com/ProductImages/shoes_ia00349.jpg?preset=details,00349,89.99
Women's Air Max Oketo Sneaker,https://www.famousfootwear.com/ProductImages/shoes_ia73711.jpg?preset=details,73711,74.99
Women's Questar Flow Sneaker,https://www.famousfootwear.com/ProductImages/shoes_ia33463.jpg?preset=details,33463,64.99
Women's In Season TR 8 Wide Training Shoe,https://www.famousfootwear.com/ProductImages/shoes_ia78357.jpg?preset=details,78357,"
            Add to cart for price"
Women's Atwood Low Top Sneaker,https://www.famousfootwear.com/ProductImages/shoes_ia36794.jpg?preset=details,36794,54.99
Women's Grand Court Sneaker,https://www.famousfootwear.com/ProductImages/shoes_ia30219.jpg?preset=details,30219,59.99
Chuck Taylor All Star High Street High Top Sneaker,https://www.famousfootwear.com/ProductImages/shoes_ia33426.jpg?preset=details,33426,59.99
Women's Flex Experience 8 Wide Running Shoe,https://www.famousfootwear.com/ProductImages/shoes_ia32688.jpg?preset=details,32688,64.99
Women's Run Swift Running Shoe,https://www.famousfootwear.com/ProductImages/shoes_ia92132.jpg?preset=details,92132,69.99
Women's Pacer Next Cage Sneaker,https://www.famousfootwear.com/ProductImages/shoes_ia74199.jpg?preset=details,74199,69.99
Women's Foundation Elite TR Training Shoe,https://www.famousfootwear.com/ProductImages/shoes_ia92136.jpg?preset=details,92136,69.99
Women's 410 V5 Trail Running Shoe,https://www.famousfootwear.com/ProductImages/shoes_ia91892.jpg?preset=details,91892,54.99
Women's Ward Low Top Sneaker,https://www.famousfootwear.com/ProductImages/shoes_ia75302.jpg?preset=details,75302,64.99
Women's 409 Wide Walking Shoe,https://www.famousfootwear.com/ProductImages/shoes_ia59519.jpg?preset=details,59519,54.99
Women's Tanjun Wide Sneaker,https://www.famousfootwear.com/ProductImages/shoes_ia77124.jpg?preset=details,77124,64.99
Women's Flex Experience 8 Running Shoe,https://www.famousfootwear.com/ProductImages/shoes_ia35893.jpg?preset=details,35893,64.99
Women's Charged Escape 2 Running Shoe,https://www.famousfootwear.com/ProductImages/shoes_ia78529.jpg?preset=details,78529,89.99
Women's D'Lites Sneaker,https://www.famousfootwear.com/ProductImages/shoes_ia72478.jpg?preset=details,72478,59.99
Women's Court Royale AC Sneaker,https://www.famousfootwear.com/ProductImages/shoes_ia96328.jpg?preset=details,96328,54.99
Women's Foundation Elite TR Training Shoe,https://www.famousfootwear.com/ProductImages/shoes_ia91749.jpg?preset=details,91749,69.99
Women's 515 Sneaker,https://www.famousfootwear.com/ProductImages/shoes_ia77048.jpg?preset=details,77048,69.99
Women's Street Cleat Sneaker,https://www.famousfootwear.com/ProductImages/shoes_ia94700.jpg?preset=details,94700,54.99
Women's Lite Racer RBN Sneaker,https://www.famousfootwear.com/ProductImages/shoes_ia30413.jpg?preset=details,30413,69.99
Women's Meridian Sneaker,https://www.famousfootwear.com/ProductImages/shoes_ia00858.jpg?preset=details,00858,44.99
Women's Legend React 2 Running Shoe,https://www.famousfootwear.com/ProductImages/shoes_ia78518.jpg?preset=details,78518,"
            Add to cart for price"
Women's Tanjun Sneaker,https://www.famousfootwear.com/ProductImages/shoes_ia32020.jpg?preset=details,32020,64.99
Women's D'Lites Wide Sneaker,https://www.famousfootwear.com/ProductImages/shoes_ia70794.jpg?preset=details,70794,54.99
Women's Zoom Winflo 5 Running Shoe,https://www.famousfootwear.com/ProductImages/shoes_ia32704.jpg?preset=details,32704,89.99
Women's Prowl Sneaker,https://www.famousfootwear.com/ProductImages/shoes_ia91960.jpg?preset=details,91960,64.99
