product_name,product_image,product_code,product_price,cloud_ids
Chuck Taylor All Star High Street High Top Sneaker,https://www.famousfootwear.com/ProductImages/shoes_ia33426.jpg?preset=details,33426,59.99,e0919662-c8c9-4d09-9dfb-db2cb38d4f79
Chuck Taylor All Star High Street High Top Sneaker,https://www.famousfootwear.com/ProductImages/shoes_ia74965.jpg?preset=details,74965,54.99,aee5ff01-df76-4f3b-a3ff-3ef22caf4625
Chuck Taylor All Star High Top Sneaker,https://www.famousfootwear.com/ProductImages/shoes_ia68412.jpg?preset=details,68412,59.99,2134b7a1-04a8-4617-abe2-a032a51adc3b
Chuck Taylor All Star High Top Sneaker,https://www.famousfootwear.com/ProductImages/shoes_ia68403.jpg?preset=details,68403,59.99,19bfb9e6-a894-4ef2-890f-e917eb8dd28d
Chuck Taylor All Star High Top Sneaker,https://www.famousfootwear.com/ProductImages/shoes_ia29948.jpg?preset=details,29948,59.99,bdb6f9bd-7cdc-4838-b6b0-6bef56ef2ae2
Chuck Taylor All Star High Top Sneaker,https://www.famousfootwear.com/ProductImages/shoes_ia68403.jpg?preset=details,68403,59.99,7d42b7e6-b669-4b5b-bf77-be0e4619ea50
Chuck Taylor All Star High Top Sneaker,https://www.famousfootwear.com/ProductImages/shoes_ia70817.jpg?preset=details,70817,59.99,92b15928-31d8-4446-a8e5-17db5f54fe17
Chuck Taylor All Star High Top Sneaker,https://www.famousfootwear.com/ProductImages/shoes_ia69924.jpg?preset=details,69924,59.99,e48dc539-8681-4ecf-9822-1c5996f856c6
Chuck Taylor All Star High Top Sneaker,https://www.famousfootwear.com/ProductImages/shoes_ia77831.jpg?preset=details,77831,59.99,bd17883d-66d7-40fa-be6d-a23729f4349f
Chuck Taylor All Star High Top Sneaker,https://www.famousfootwear.com/ProductImages/shoes_ia26039.jpg?preset=details,26039,59.99,9005d06a-e4b0-4761-a7e9-fa9b9ba5a8d3
Chuck Taylor All Star Low Top Canvas Sneaker,https://www.famousfootwear.com/ProductImages/shoes_ia33421.jpg?preset=details,33421,49.99,2c1f6ad6-3551-42b5-9dce-552b1dea4c11
Chuck Taylor All Star Low Top Canvas Sneaker,https://www.famousfootwear.com/ProductImages/shoes_ia72318.jpg?preset=details,72318,54.99,8455d747-492c-46a0-a0c2-3a0490e9115c
Chuck Taylor All Star Low Top Sneaker,https://www.famousfootwear.com/ProductImages/shoes_ia77832.jpg?preset=details,77832,49.99,618de1a3-f174-44fc-ad6e-7de54f2b97d8
Chuck Taylor All Star Low Top Sneaker,https://www.famousfootwear.com/ProductImages/shoes_ia71079.jpg?preset=details,71079,54.99,b819f7be-d749-43f0-9c75-526822de3760
Chuck Taylor All Star Low Top Sneaker,https://www.famousfootwear.com/ProductImages/shoes_ia32079.jpg?preset=details,32079,54.99,3c4b9651-6abb-4720-8b02-3705c205709d
Chuck Taylor All Star Low Top Sneaker,https://www.famousfootwear.com/ProductImages/shoes_ia92401.jpg?preset=details,92401,54.99,ba0c1a5a-a561-4afb-9bcc-e37a5845d91f
Chuck Taylor All Star Low Top Sneaker,https://www.famousfootwear.com/ProductImages/shoes_ia68522.jpg?preset=details,68522,54.99,73311745-9628-47c0-8519-84a7febd4690
Chuck Taylor All Star Low Top Sneaker,https://www.famousfootwear.com/ProductImages/shoes_ia15888.jpg?preset=details,15888,54.99,623c2d33-a017-431c-a0e8-d804c55d75ac
Chuck Taylor All Star Low Top Sneaker,https://www.famousfootwear.com/ProductImages/shoes_ia61184.jpg?preset=details,61184,54.99,ba396f10-817f-411f-9a68-7f83affaeada
Chuck Taylor All Star Low Top Sneaker,https://www.famousfootwear.com/ProductImages/shoes_ia69926.jpg?preset=details,69926,54.99,c6faf236-3ea7-4ebf-8bff-a6f6f092ea8b
Chuck Taylor All Star Slip On Sneaker,https://www.famousfootwear.com/ProductImages/shoes_ia92405.jpg?preset=details,92405,54.99,cd8e54b7-c8e2-41a6-8846-d7ef49cfa8c0
Chuck Taylor All Star Slip On Sneaker,https://www.famousfootwear.com/ProductImages/shoes_ia92406.jpg?preset=details,92406,54.99,8175d5e3-aedf-416e-9283-afa837277738
Chuck Taylor All Star Slip On Sneaker,https://www.famousfootwear.com/ProductImages/shoes_ia92403.jpg?preset=details,92403,54.99,e0183807-f9c5-414e-9d0e-ce8a02a8e07d
Women's  Asher Slip On Sneaker,https://www.famousfootwear.com/ProductImages/shoes_ia50244.jpg?preset=details,50244,49.99,b307e8ef-d579-4f99-ad3b-345cadf4cf02
Women's  Asher Slip On Sneaker,https://www.famousfootwear.com/ProductImages/shoes_ia56579.jpg?preset=details,56579,49.99,efecd216-16db-4f60-b57b-7b6d06bdc401
Women's  Asher Slip On Sneaker,https://www.famousfootwear.com/ProductImages/shoes_ia78988.jpg?preset=details,78988,49.99,e4579ce2-174b-4630-8293-e67fff7f0ca9
Women's  Asher Slip On Sneaker,https://www.famousfootwear.com/ProductImages/shoes_ia50268.jpg?preset=details,50268,49.99,3dc27d55-8f24-4b32-8b91-6a063cf663e5
Women's  Asher Slip On Sneaker,https://www.famousfootwear.com/ProductImages/shoes_ia50261.jpg?preset=details,50261,49.99,1b7f26c7-16ab-452b-9d1a-4cea21d13c73
Women's  Asher Slip On Sneaker,https://www.famousfootwear.com/ProductImages/shoes_ia50304.jpg?preset=details,50304,54.99,52e615f3-ee8f-4243-b8c9-b47fc3bcd9be
Women's  Asher Slip On Sneaker,https://www.famousfootwear.com/ProductImages/shoes_ia50259.jpg?preset=details,50259,49.99,caa0895c-9ba1-4f92-b2c1-13a7ea5097f7
Women's  Asher Slip On Sneaker,https://www.famousfootwear.com/ProductImages/shoes_ia00299.jpg?preset=details,299,49.99,aa215a9a-e030-4f35-b3ff-71431bccfdd4
Women's 409 Wide Walking Shoe,https://www.famousfootwear.com/ProductImages/shoes_ia59519.jpg?preset=details,59519,54.99,6d628a49-905d-41aa-b388-b9fa1aeb9472
Women's 410 V5 Trail Running Shoe,https://www.famousfootwear.com/ProductImages/shoes_ia91892.jpg?preset=details,91892,54.99,d8ba3fd6-140b-4f4e-92df-2e2d1b03566f
Women's 410 V5 Wide Trail Running Shoe,https://www.famousfootwear.com/ProductImages/shoes_ia77137.jpg?preset=details,77137,54.99,dc273cfa-21c7-4fa5-bba5-3d54bcb2a23b
Women's 410 V6 Med Trail Running Shoe,https://www.famousfootwear.com/ProductImages/shoes_ia91850.jpg?preset=details,91850,59.99,98a13fa2-e2d7-402e-9f51-f899f69b1f49
Women's 411 V2 Cush NB Medium/Wide Walking Shoe,https://www.famousfootwear.com/ProductImages/shoes_ia54344.jpg?preset=details,54344,64.99,3987db9e-caa3-4219-944a-8da81d7a0be8
Women's 420 V4 Wide Running Shoe,https://www.famousfootwear.com/ProductImages/shoes_ia90833.jpg?preset=details,90833,49.99,39dfae3d-0b48-48c3-ba54-96a0579437ee
Women's 420 V4 Wide Running Shoe,https://www.famousfootwear.com/ProductImages/shoes_ia73077.jpg?preset=details,73077,49.99,e2ee2276-b6b6-42d8-bff1-a34b51215a6a
Women's 515 Sneaker,https://www.famousfootwear.com/ProductImages/shoes_ia77048.jpg?preset=details,77048,69.99,d8fdbc94-4abc-4b98-b130-b85015e71b6f
Women's 515 Sneaker,https://www.famousfootwear.com/ProductImages/shoes_ia77024.jpg?preset=details,77024,69.99,c563f708-6d91-4333-bf84-820e93c30faf
Women's 577 Wide Training Shoe,https://www.famousfootwear.com/ProductImages/shoes_ia50565.jpg?preset=details,50565,54.99,6f3ad7a0-408a-4618-8f85-7662afb8e9ba
Women's 590 Trail Running Shoe,https://www.famousfootwear.com/ProductImages/shoes_ia78820.jpg?preset=details,78820,49.99,e4b9043a-ff27-4735-97e6-8e3996b5849e
Women's 608v5 Trainer Sneaker,https://www.famousfootwear.com/ProductImages/shoes_ia96727.jpg?preset=details,96727,64.99,df7b84ad-1ab4-4719-aa02-b307c70940b9
Women's Air Max Axis Sneaker,https://www.famousfootwear.com/ProductImages/shoes_ia32636.jpg?preset=details,32636,94.99,155d7b36-ed16-4c03-ae72-8d53c3f0095a
Women's Air Max Axis Sneaker,https://www.famousfootwear.com/ProductImages/shoes_ia35408.jpg?preset=details,35408,89.99,f5769aed-6b04-47e9-9ff7-99aca8d47cef
Women's Air Max Axis Sneaker,https://www.famousfootwear.com/ProductImages/shoes_ia30692.jpg?preset=details,30692,89.99,3fcdce04-1afc-4e70-bcd9-afe8a3fc9d2a
Women's Air Max Axis Sneaker,https://www.famousfootwear.com/ProductImages/shoes_ia72740.jpg?preset=details,72740,94.99,e7733dec-9740-4e6f-8c54-0ec37d4cad8c
Women's Air Max Axis Sneaker,https://www.famousfootwear.com/ProductImages/shoes_ia32942.jpg?preset=details,32942,94.99,83df1f72-4cb8-473d-8b9d-f9c32a37b456
Women's Air Max Axis Sneaker,https://www.famousfootwear.com/ProductImages/shoes_ia92910.jpg?preset=details,92910,89.99,cd5567df-2a78-4507-9b89-0aacc9fc9db2
Women's Air Max Axis Sneaker,https://www.famousfootwear.com/ProductImages/shoes_ia92702.jpg?preset=details,92702,89.99,7203cbe6-c601-4e1e-9a27-078d619a3e2b
Women's Air Max Axis Sneaker,https://www.famousfootwear.com/ProductImages/shoes_ia93423.jpg?preset=details,93423,89.99,e73e7ef2-75fd-430f-b33e-37d05250691f
Women's Air Max Axis Sneaker,https://www.famousfootwear.com/ProductImages/shoes_ia32656.jpg?preset=details,32656,89.99,af7133c5-a785-4328-ba8a-b8b78ae3944c
Women's Air Max Axis Sneaker,https://www.famousfootwear.com/ProductImages/shoes_ia35919.jpg?preset=details,35919,89.99,892edc11-345e-4aa2-bb13-4753991e69bd
Women's Air Max Bella 2 Training Shoe,https://www.famousfootwear.com/ProductImages/shoes_ia31661.jpg?preset=details,31661,79.99,558d6ed8-7b1e-4693-9c2e-b5a6598b77c9
Women's Air Max Bella Training Shoe,https://www.famousfootwear.com/ProductImages/shoes_ia33000.jpg?preset=details,33000,79.99,85ae4cbc-e53d-438e-9feb-8874f9fab0cd
Women's Air Max Bella Training Shoe,https://www.famousfootwear.com/ProductImages/shoes_ia92636.jpg?preset=details,92636,79.99,65bd79a7-aaf5-4faf-83ee-2c847caa6ff7
Women's Air Max Bella Training Shoe,https://www.famousfootwear.com/ProductImages/shoes_ia77931.jpg?preset=details,77931,79.99,77627411-8cf3-4372-ab8e-8f3f9560fcad
Women's Air Max Motion 2 Sneaker,https://www.famousfootwear.com/ProductImages/shoes_ia35401.jpg?preset=details,35401,84.99,c37a5939-f936-4879-b7a3-5a2ff41c0bf7
Women's Air Max Motion 2 Sneaker,https://www.famousfootwear.com/ProductImages/shoes_ia33086.jpg?preset=details,33086,84.99,1e4d0bd2-0b2e-4330-881f-aed1e40fac89
Women's Air Max Motion 2 Sneaker,https://www.famousfootwear.com/ProductImages/shoes_ia35400.jpg?preset=details,35400,84.99,5cc7b18a-0e4c-4def-b47b-0b0086284591
Women's Air Max Motion 2 Sneaker,https://www.famousfootwear.com/ProductImages/shoes_ia72760.jpg?preset=details,72760,84.99,4546c524-4aae-488f-851d-1b7fd5f19b91
Women's Air Max Motion 2 Sneaker,https://www.famousfootwear.com/ProductImages/shoes_ia35402.jpg?preset=details,35402,84.99,d7e46158-0be4-4b2e-b21f-b6f96464b758
Women's Air Max Oketo Sneaker,https://www.famousfootwear.com/ProductImages/shoes_ia92672.jpg?preset=details,92672,74.99,a360724b-9b39-448b-a1e9-d20234dd52cd
Women's Air Max Oketo Sneaker,https://www.famousfootwear.com/ProductImages/shoes_ia73714.jpg?preset=details,73714,74.99,53c4972b-bfb8-4e06-b3a9-f0465953904c
Women's Air Max Oketo Sneaker,https://www.famousfootwear.com/ProductImages/shoes_ia72763.jpg?preset=details,72763,74.99,2fbf385e-1b9c-4b38-b68d-fccf96deb20f
Women's Air Max Oketo Sneaker,https://www.famousfootwear.com/ProductImages/shoes_ia73711.jpg?preset=details,73711,74.99,1aa673d3-fd1a-43e4-8a65-82c65e5c7845
Women's Air Max Oketo Sneaker,https://www.famousfootwear.com/ProductImages/shoes_ia92671.jpg?preset=details,92671,74.99,e7b96844-ff5c-4a0e-9ad0-5a2fc8389e06
Women's Air Max Torch 4 Running Shoe,https://www.famousfootwear.com/ProductImages/shoes_ia77452.jpg?preset=details,77452,59.99,03de344a-3538-4c05-8321-01eff51c6918
Women's Air Max Torch 4 Running Shoe,https://www.famousfootwear.com/ProductImages/shoes_ia26023.jpg?preset=details,26023,79.99,91cb0a9d-9043-4249-b5f9-43cb38eb88e7
Women's Air Max Torch 4 Running Shoe,https://www.famousfootwear.com/ProductImages/shoes_ia77864.jpg?preset=details,77864,79.99,53f60367-e04b-4060-91a5-b0a99ba8fae7
Women's All Star Low Top Sneaker,https://www.famousfootwear.com/ProductImages/shoes_ia30163.jpg?preset=details,30163,54.99,84eb17cf-ba02-442f-b259-4e34b98b670e
Women's Atwood Low Top Sneaker,https://www.famousfootwear.com/ProductImages/shoes_ia36794.jpg?preset=details,36794,54.99,2b308ebf-813a-43d9-94bb-08f9e90b697e
Women's Atwood Low Top Sneaker,https://www.famousfootwear.com/ProductImages/shoes_ia94933.jpg?preset=details,94933,54.99,960c0bab-04ad-44b6-a146-921e8dde9815
Women's Blowout Trail Running Shoe,https://www.famousfootwear.com/ProductImages/shoes_ia34148.jpg?preset=details,34148,49.99,dd35a967-5f51-4154-a0e7-9cc55a2db658
Women's Breathe Trainer,https://www.famousfootwear.com/ProductImages/shoes_ia34050.jpg?preset=details,34050,59.99,448be898-3e64-4ad5-8ca0-4e824a9f2753
Women's CERUS LITE Sneaker,https://www.famousfootwear.com/ProductImages/shoes_ia50363.jpg?preset=details,50363,64.99,e75fbb83-6d28-450c-8aa4-30970bc9ead2
Women's Carina Court Sneaker,https://www.famousfootwear.com/ProductImages/shoes_ia95064.jpg?preset=details,95064,64.99,36fb4ddd-e36e-4651-a3d0-51db51ebcb30
Women's Charged Escape 2 Running Shoe,https://www.famousfootwear.com/ProductImages/shoes_ia78529.jpg?preset=details,78529,89.99,60dc7359-0bb6-4a32-a4c5-76027f4872cf
Women's Charged Escape 2 Running Shoe,https://www.famousfootwear.com/ProductImages/shoes_ia78550.jpg?preset=details,78550,89.99,1bcacb45-892e-4e3d-9a44-1f174aecf01c
Women's Charged Escape Running Shoe,https://www.famousfootwear.com/ProductImages/shoes_ia78528.jpg?preset=details,78528,89.99,502f6b1b-88ab-4916-b0e3-fc3a0f688967
Women's Chuck Taylor All Star Madison High Top Sneaker,https://www.famousfootwear.com/ProductImages/shoes_ia50747.jpg?preset=details,50747,59.99,83e121ce-26fb-47f6-942f-fd2a3fd2ff8b
Women's Chuck Taylor All Star Madison High Top Sneaker,https://www.famousfootwear.com/ProductImages/shoes_ia50718.jpg?preset=details,50718,59.99,40015fa8-999d-4e8e-b5d0-608e8ab7183b
Women's Chuck Taylor All Star Madison High Top Sneaker,https://www.famousfootwear.com/ProductImages/shoes_ia18744.jpg?preset=details,18744,59.99,eff1a233-6eec-45cc-9acf-4bb46901ac5f
Women's Chuck Taylor All Star Madison High Top Sneaker,https://www.famousfootwear.com/ProductImages/shoes_ia50514.jpg?preset=details,50514,59.99,9a1e282d-39d5-4419-836d-827fce68ed0a
Women's Chuck Taylor All Star Madison High Top Sneaker,https://www.famousfootwear.com/ProductImages/shoes_ia18756.jpg?preset=details,18756,59.99,952901b9-8d5a-47e9-9dd4-e6ebfcc33d65
Women's Chuck Taylor All Star Madison High Top Sneaker,https://www.famousfootwear.com/ProductImages/shoes_ia50730.jpg?preset=details,50730,59.99,2b486d13-e5e1-4b9a-9d9e-119cdde9815e
Women's Chuck Taylor All Star Madison High Top Sneaker,https://www.famousfootwear.com/ProductImages/shoes_ia50747.jpg?preset=details,50747,59.99,5faa2554-c30e-464b-9a69-b52152aa9f70
Women's Chuck Taylor All Star Madison Low Top Sneaker,https://www.famousfootwear.com/ProductImages/shoes_ia78573.jpg?preset=details,78573,54.99,0a76af11-a754-4eaf-a9b6-5525638addd3
Women's Chuck Taylor All Star Madison Low Top Sneaker,https://www.famousfootwear.com/ProductImages/shoes_ia92384.jpg?preset=details,92384,54.99,fa01c0a2-f31f-4896-90c1-505f179b81e3
Women's Chuck Taylor All Star Madison Low Top Sneaker,https://www.famousfootwear.com/ProductImages/shoes_ia30162.jpg?preset=details,30162,54.99,d2e4bc7f-b8a0-4331-9f66-37d43657482c
Women's Chuck Taylor All Star Madison Low Top Sneaker,https://www.famousfootwear.com/ProductImages/shoes_ia78512.jpg?preset=details,78512,44.99,0eb5e4fb-c569-41b5-8d8a-6fa1f812d0dd
Women's Chuck Taylor All Star Madison Low Top Sneaker,https://www.famousfootwear.com/ProductImages/shoes_ia30159.jpg?preset=details,30159,54.99,e3c26425-dab3-4b6c-9ee5-beb974c6d93a
Women's Chuck Taylor All Star Madison Low Top Sneaker,https://www.famousfootwear.com/ProductImages/shoes_ia78511.jpg?preset=details,78511,49.99,cc9076f0-039c-4de5-a0a8-5f783ee0efc8
Women's Chuck Taylor All Star Madison Low Top Sneaker,https://www.famousfootwear.com/ProductImages/shoes_ia78508.jpg?preset=details,78508,49.99,138d89f5-ed6b-41ff-a8b6-709f40ccf23f
Women's Chuck Taylor All Star Madison Low Top Sneaker,https://www.famousfootwear.com/ProductImages/shoes_ia74524.jpg?preset=details,74524,54.99,1cb39989-e47a-46c6-b480-1e9307971fc4
Women's Chuck Taylor All Star Madison Low Top Sneaker,https://www.famousfootwear.com/ProductImages/shoes_ia78572.jpg?preset=details,78572,49.99,f09ca6e8-8cfa-4629-b807-bcfa970bb8db
Women's Chuck Taylor All Star Madison Low Top Sneaker,https://www.famousfootwear.com/ProductImages/shoes_ia92387.jpg?preset=details,92387,54.99,5a530896-0e8f-4dd3-b8f2-f9b332fa7b20
Women's Chuck Taylor All Star Shoreline Low Top Sneaker,https://www.famousfootwear.com/ProductImages/shoes_ia95306.jpg?preset=details,95306,54.99,1858ad3d-a6c9-4e95-b8ed-1d58d68bfe59
Women's Chuck Taylor All Star Shoreline Low Top Sneaker,https://www.famousfootwear.com/ProductImages/shoes_ia50749.jpg?preset=details,50749,54.99,71685071-330c-45b0-ae8c-6eadd5f0411c
Women's Chuck Taylor All Star Shoreline Low Top Sneaker,https://www.famousfootwear.com/ProductImages/shoes_ia95008.jpg?preset=details,95008,54.99,d51cfa86-6639-43ff-82c6-cce547ff8870
Women's Chuck Taylor All Star Shoreline Low Top Sneaker,https://www.famousfootwear.com/ProductImages/shoes_ia95007.jpg?preset=details,95007,54.99,57cc7bc8-bf5d-4514-bb49-018304790584
Women's Chuck Taylor All Star Shoreline Low Top Sneaker,https://www.famousfootwear.com/ProductImages/shoes_ia92389.jpg?preset=details,92389,54.99,ac0f6708-c559-4c0f-a83a-e51559574b60
Women's Chuck Taylor All Star Shoreline Low Top Sneaker,https://www.famousfootwear.com/ProductImages/shoes_ia92398.jpg?preset=details,92398,54.99,7161525c-9653-4f7c-9963-753b0126e516
Women's Chuck Taylor All Star Shoreline Low Top Sneaker,https://www.famousfootwear.com/ProductImages/shoes_ia92388.jpg?preset=details,92388,54.99,465d80ab-9b4e-430f-9def-9f5a980d5d4c
Women's Chuck Taylor All Star Shoreline Low Top Sneaker,https://www.famousfootwear.com/ProductImages/shoes_ia95003.jpg?preset=details,95003,54.99,876d2390-182a-4c43-b987-e482605450d6
Women's Chuck Taylor All Star Shoreline Low Top Sneaker,https://www.famousfootwear.com/ProductImages/shoes_ia75863.jpg?preset=details,75863,54.99,d8ffd3a6-4487-4cf6-a97f-7cd999fc4731
Women's Classic Nylon Sneaker,https://www.famousfootwear.com/ProductImages/shoes_ia93968.jpg?preset=details,93968,64.99,33586d85-4d9f-4b3d-b48e-411229da1877
Women's Cloudfoam Pure Sneaker,https://www.famousfootwear.com/ProductImages/shoes_ia78779.jpg?preset=details,78779,69.99,8a8de297-395b-461b-a172-2de41c0b137d
Women's Cloudfoam Pure Sneaker,https://www.famousfootwear.com/ProductImages/shoes_ia70717.jpg?preset=details,70717,69.99,3de48ad5-08ac-45f7-b4f4-3bf98063cdc1
Women's Cloudfoam Pure Sneaker,https://www.famousfootwear.com/ProductImages/shoes_ia70715.jpg?preset=details,70715,69.99,ba021493-9513-45df-9f96-9d8500cd5a62
Women's Cloudfoam Pure Sneaker,https://www.famousfootwear.com/ProductImages/shoes_ia33462.jpg?preset=details,33462,69.99,1d60adde-3571-4990-a11a-1076b8f1a0b6
Women's Cloudfoam Pure Sneaker,https://www.famousfootwear.com/ProductImages/shoes_ia90972.jpg?preset=details,90972,69.99,7a5ea4ab-f3e5-44bd-b108-052aa3de60d2
Women's Cloudfoam Pure Sneaker,https://www.famousfootwear.com/ProductImages/shoes_ia18041.jpg?preset=details,18041,49.99,a96862a6-84d8-4e32-8282-83fa63f59874
Women's Cloudfoam Pure Sneaker,https://www.famousfootwear.com/ProductImages/shoes_ia57578.jpg?preset=details,57578,69.99,c13c5c9e-6a45-45b3-a90e-b9d4ed18a39b
Women's Cloudfoam Pure Sneaker,https://www.famousfootwear.com/ProductImages/shoes_ia57644.jpg?preset=details,57644,69.99,dee5faf5-106e-43c8-a47c-f0b8ab4cdb88
Women's Cloudfoam Pure Sneaker,https://www.famousfootwear.com/ProductImages/shoes_ia56543.jpg?preset=details,56543,69.99,9730df8f-308a-4f1a-a981-2a4b92d0c7de
Women's Cloudfoam Pure Sneaker,https://www.famousfootwear.com/ProductImages/shoes_ia93220.jpg?preset=details,93220,69.99,29f9935b-ab29-44ff-805e-eb26c43e6c2b
Women's Cloudfoam QT Racer Sneaker,https://www.famousfootwear.com/ProductImages/shoes_ia34585.jpg?preset=details,34585,64.99,dad37a3e-a45d-4aea-b915-d04569c3f9ec
Women's Cloudfoam QT Racer Sneaker,https://www.famousfootwear.com/ProductImages/shoes_ia90317.jpg?preset=details,90317,64.99,a582853a-5eff-4b45-b8e8-7addf08d764e
Women's Cloudfoam QT Racer Sneaker,https://www.famousfootwear.com/ProductImages/shoes_ia30212.jpg?preset=details,30212,59.99,0dfdb98d-b9c7-492b-bf95-840cc5b3d823
Women's Cloudfoam QT Racer Sneaker,https://www.famousfootwear.com/ProductImages/shoes_ia70814.jpg?preset=details,70814,64.99,dde9120c-a1cd-4a91-b576-9fcb37a0bafa
Women's Cohesion 12 Plush Running Shoe,https://www.famousfootwear.com/ProductImages/shoes_ia58971.jpg?preset=details,58971,59.99,e4516f4d-34b4-460f-a6e2-e45300977d50
Women's Cohesion 12 Plush Running Shoe,https://www.famousfootwear.com/ProductImages/shoes_ia58968.jpg?preset=details,58968,59.99,d0a7c393-4499-4383-86d9-9086fdd8a44d
Women's Cohesion 12 Wide Running Shoe,https://www.famousfootwear.com/ProductImages/shoes_ia31460.jpg?preset=details,31460,59.99,ef37b6e9-5dc2-4c19-b316-02d22403ca36
Women's Cortez Sneaker,https://www.famousfootwear.com/ProductImages/shoes_ia77146.jpg?preset=details,77146,59.99,7d2b5039-6be8-4008-a980-9ea88b989050
Women's Cortez Sneaker,https://www.famousfootwear.com/ProductImages/shoes_ia77147.jpg?preset=details,77147,69.99,fbef58c9-9bf7-41a4-b5df-baa73387b1f3
Women's Court Royale AC Sneaker,https://www.famousfootwear.com/ProductImages/shoes_ia35925.jpg?preset=details,35925,59.99,b43893ec-ab92-4ed1-8e50-22b20c4ef8eb
Women's Court Royale AC Sneaker,https://www.famousfootwear.com/ProductImages/shoes_ia96328.jpg?preset=details,96328,54.99,f5f7a7ec-4ae9-4970-a7c8-18e72c37e54b
Women's Court Royale Slip On Sneaker,https://www.famousfootwear.com/ProductImages/shoes_ia92687.jpg?preset=details,92687,54.99,3b316c08-5289-4154-97e8-47e68780c4bc
Women's Court Royale Slip On Sneaker,https://www.famousfootwear.com/ProductImages/shoes_ia92695.jpg?preset=details,92695,59.99,cb16204e-23f3-4c98-a60a-f49022e86a6f
Women's Crazychaos Sneaker,https://www.famousfootwear.com/ProductImages/shoes_ia90322.jpg?preset=details,90322,74.99,4d3ce669-42e8-4ed4-b995-6233e08452ee
Women's Crazychaos Sneaker,https://www.famousfootwear.com/ProductImages/shoes_ia90319.jpg?preset=details,90319,74.99,f9a07a14-cd21-452b-b58b-668018a0ad51
Women's Crestood Hiking Shoe,https://www.famousfootwear.com/ProductImages/shoes_ia73760.jpg?preset=details,73760,69.99,e93f1fd3-7138-4f00-ac50-6b817430392d
Women's D Lite Sneaker,https://www.famousfootwear.com/ProductImages/shoes_ia72450.jpg?preset=details,72450,54.99,6ebc61dc-7710-41a8-9ea3-1954d8788a3c
Women's D'Lites 2.0 Sneaker,https://www.famousfootwear.com/ProductImages/shoes_ia93068.jpg?preset=details,93068,64.99,d4942ce4-be1f-4580-861f-49a9095f4750
Women's D'Lites Medium/Wide Sneaker,https://www.famousfootwear.com/ProductImages/shoes_ia32228.jpg?preset=details,32228,49.99,7ae494d8-52b7-490a-bbfb-a56505b4f41e
Women's D'Lites Sneaker,https://www.famousfootwear.com/ProductImages/shoes_ia91363.jpg?preset=details,91363,54.99,e8e4a8e3-54cd-490d-aa62-81724176c887
Women's D'Lites Sneaker,https://www.famousfootwear.com/ProductImages/shoes_ia00846.jpg?preset=details,846,54.99,abf5c51e-b77c-4b31-95ef-d41109dabc23
Women's D'Lites Sneaker,https://www.famousfootwear.com/ProductImages/shoes_ia91434.jpg?preset=details,91434,54.99,b7a93dd4-52c9-4244-9118-04529403bd48
Women's D'Lites Sneaker,https://www.famousfootwear.com/ProductImages/shoes_ia72456.jpg?preset=details,72456,59.99,2c19b03b-3fae-4284-87ef-a57df199a26e
Women's D'Lites Sneaker,https://www.famousfootwear.com/ProductImages/shoes_ia18990.jpg?preset=details,18990,54.99,374cc0ec-19a9-4e2a-bf20-4059aa8fbd41
Women's D'Lites Sneaker,https://www.famousfootwear.com/ProductImages/shoes_ia92958.jpg?preset=details,92958,59.99,b5353688-f0fb-4f84-b1cd-6bc032916fcd
Women's D'Lites Sneaker,https://www.famousfootwear.com/ProductImages/shoes_ia32070.jpg?preset=details,32070,49.99,d974a1b2-db04-46a4-a161-ca0d7db5ee64
Women's D'Lites Sneaker,https://www.famousfootwear.com/ProductImages/shoes_ia54229.jpg?preset=details,54229,54.99,60c52abd-6352-47bf-ae54-022a2b4b20bf
Women's D'Lites Sneaker,https://www.famousfootwear.com/ProductImages/shoes_ia94800.jpg?preset=details,94800,54.99,1aa3959b-1523-4cda-a6c5-a2db4cc79d5f
Women's D'Lites Sneaker,https://www.famousfootwear.com/ProductImages/shoes_ia91359.jpg?preset=details,91359,49.99,7dd0a98a-4214-448c-9b31-ac50258a8ada
Women's D'Lites Sneaker,https://www.famousfootwear.com/ProductImages/shoes_ia69029.jpg?preset=details,69029,54.99,6b27af43-563d-4ec8-97d6-88a733bcee9b
Women's D'Lites Sneaker,https://www.famousfootwear.com/ProductImages/shoes_ia72478.jpg?preset=details,72478,59.99,dd465be4-47fd-4df4-a128-e1762c9b9465
Women's D'Lites Sneaker,https://www.famousfootwear.com/ProductImages/shoes_ia58251.jpg?preset=details,58251,54.99,7edc3014-0b04-4b23-bc86-6d4b84b0c093
Women's D'Lites Sneaker,https://www.famousfootwear.com/ProductImages/shoes_ia31133.jpg?preset=details,31133,54.99,66a3a4bc-b3ed-468a-b544-c28957fe3c3a
Women's D'Lites Sneaker,https://www.famousfootwear.com/ProductImages/shoes_ia35509.jpg?preset=details,35509,59.99,09bec0ce-bdff-41e0-8902-075868362d7f
Women's D'Lites Sneaker,https://www.famousfootwear.com/ProductImages/shoes_ia91437.jpg?preset=details,91437,54.99,9dccde78-497f-43c7-97a7-b42fbb994180
Women's D'Lites Wide Sneaker,https://www.famousfootwear.com/ProductImages/shoes_ia54230.jpg?preset=details,54230,54.99,2483d28a-10f6-411f-b70d-f95312eabece
Women's D'Lites Wide Sneaker,https://www.famousfootwear.com/ProductImages/shoes_ia75287.jpg?preset=details,75287,54.99,779ab72b-b226-4118-978d-c89cf76f0f16
Women's D'Lites Wide Sneaker,https://www.famousfootwear.com/ProductImages/shoes_ia70794.jpg?preset=details,70794,54.99,eb22246b-b071-4ad2-ba6d-4c017309f54c
Women's D'Lites Wide Sneaker,https://www.famousfootwear.com/ProductImages/shoes_ia91362.jpg?preset=details,91362,54.99,69ee3c3a-0a95-4ce4-897d-cf93831eb843
Women's D'Lites Wide Sneaker Clog,https://www.famousfootwear.com/ProductImages/shoes_ia54232.jpg?preset=details,54232,59.99,c131d44a-35f9-4608-9924-85ae5c971572
Women's D'lites Zenway Sneaker,https://www.famousfootwear.com/ProductImages/shoes_ia72441.jpg?preset=details,72441,59.99,827da536-1565-4032-ac18-6cb496f9fa11
Women's Devotion Plus Walking Shoe,https://www.famousfootwear.com/ProductImages/shoes_ia93066.jpg?preset=details,93066,59.99,2d62ec8f-c566-47e1-a004-da4a73d78329
Women's Devotion Plus Walking Shoe,https://www.famousfootwear.com/ProductImages/shoes_ia93064.jpg?preset=details,93064,59.99,88b202f3-fb5b-41c0-af44-fe85572d5f27
Women's Disruptor Premium 2 Nubuck Sneaker,https://www.famousfootwear.com/ProductImages/shoes_ia30640.jpg?preset=details,30640,64.99,614af6ea-5f46-41c9-8675-2a6fbbae4644
Women's Disruptor Premium 2 Sneaker,https://www.famousfootwear.com/ProductImages/shoes_ia77889.jpg?preset=details,77889,64.99,1f1d7181-789a-401a-8aa5-c936fa2f6502
Women's Disruptor Premium 2 Sneaker,https://www.famousfootwear.com/ProductImages/shoes_ia91005.jpg?preset=details,91005,59.99,aa311157-8035-4f4f-87a7-edc3f0b2fd77
Women's Disruptor Premium 2 Sneaker,https://www.famousfootwear.com/ProductImages/shoes_ia30352.jpg?preset=details,30352,59.99,84fbac61-4c8f-4613-972e-9c9c8c00017f
Women's Disruptor Premium 2 Sneaker,https://www.famousfootwear.com/ProductImages/shoes_ia91209.jpg?preset=details,91209,69.99,9971d5a9-9690-4998-8aba-a1af0c1d9243
Women's Disruptor Premium 2 Sneaker,https://www.famousfootwear.com/ProductImages/shoes_ia90944.jpg?preset=details,90944,59.99,7c4c570b-cd2d-4411-ac6e-c13f8d79875f
Women's Disruptor Premium 2 Sneaker,https://www.famousfootwear.com/ProductImages/shoes_ia91210.jpg?preset=details,91210,69.99,1bc71c0e-e8a5-4944-870c-7a74bc170b1c
Women's District Run Sneaker,https://www.famousfootwear.com/ProductImages/shoes_ia50624.jpg?preset=details,50624,54.99,47deed04-515c-46ce-8f4f-caf309c0b1b0
Women's District Run Sneaker,https://www.famousfootwear.com/ProductImages/shoes_ia50625.jpg?preset=details,50625,49.99,76a801a6-a492-4385-8d29-edca7a83cfff
Women's Doheny Sneaker,https://www.famousfootwear.com/ProductImages/shoes_ia57648.jpg?preset=details,57648,54.99,9d61f45b-d053-42c5-ab53-3bf91df21761
Women's Doheny Sneaker,https://www.famousfootwear.com/ProductImages/shoes_ia90697.jpg?preset=details,90697,54.99,f3b96619-0703-460a-9f22-c381f826e682
Women's Doheny Sneaker,https://www.famousfootwear.com/ProductImages/shoes_ia50334.jpg?preset=details,50334,54.99,3432aa37-383d-423b-ad94-a911114390e8
Women's Doheny Sneaker,https://www.famousfootwear.com/ProductImages/shoes_ia50333.jpg?preset=details,50333,54.99,7927cefe-5fa8-41d5-a39d-e9afcddbd3fb
Women's Doheny Sneaker,https://www.famousfootwear.com/ProductImages/shoes_ia50310.jpg?preset=details,50310,54.99,09a9d892-30ff-4eaa-b2df-90204f31d769
Women's Doheny Sneaker,https://www.famousfootwear.com/ProductImages/shoes_ia50309.jpg?preset=details,50309,54.99,65e4a8e2-6788-443f-8621-740c41212074
Women's Doheny Sneaker,https://www.famousfootwear.com/ProductImages/shoes_ia91721.jpg?preset=details,91721,54.99,2d2b2860-b53b-4800-98a7-f514868a53c3
Women's Doheny Sneaker,https://www.famousfootwear.com/ProductImages/shoes_ia57645.jpg?preset=details,57645,54.99,19ffdff9-dcd2-4491-bdb4-0bd3a5e20feb
Women's Doheny Sneaker,https://www.famousfootwear.com/ProductImages/shoes_ia57649.jpg?preset=details,57649,54.99,c1f5c269-3351-4565-84f3-37895a7f9e7c
Women's Ebernon High Top Sneaker,https://www.famousfootwear.com/ProductImages/shoes_ia78599.jpg?preset=details,78599,69.99,1b0c3c5c-f58c-4156-acc8-d9460b26ff65
Women's Ebernon Low Sneaker,https://www.famousfootwear.com/ProductImages/shoes_ia78531.jpg?preset=details,78531,64.99,32ad121f-44b3-43c5-a45b-bbb0f2635996
Women's Ebernon Low Sneaker,https://www.famousfootwear.com/ProductImages/shoes_ia00069.jpg?preset=details,69,64.99,f7477591-36b6-451d-98da-61a93658df61
Women's Ebernon Low Sneaker,https://www.famousfootwear.com/ProductImages/shoes_ia78496.jpg?preset=details,78496,59.99,378582e0-d682-4eb6-a768-8f66275bd3cc
Women's Ebernon Low Sneaker,https://www.famousfootwear.com/ProductImages/shoes_ia78496.jpg?preset=details,78496,59.99,9fdd36f6-e882-4ca1-965c-696b6dba1677
Women's Ebernon Low Sneaker,https://www.famousfootwear.com/ProductImages/shoes_ia00062.jpg?preset=details,62,59.99,f081aed8-704b-4703-98a4-b289a15367cb
Women's Empire Dlux Slip On Sneaker,https://www.famousfootwear.com/ProductImages/shoes_ia94848.jpg?preset=details,94848,54.99,a46e539d-0d18-4b6d-9219-ae36363e9281
Women's Empire Dlux Slip On Sneaker,https://www.famousfootwear.com/ProductImages/shoes_ia90312.jpg?preset=details,90312,54.99,2224891d-6bee-401d-a29c-d350f41000f5
Women's Energy Falcon Running Shoe,https://www.famousfootwear.com/ProductImages/shoes_ia93174.jpg?preset=details,93174,69.99,dc7b1046-3588-4977-9fb8-53be9aaf4a36
Women's Energy Falcon Running Shoe,https://www.famousfootwear.com/ProductImages/shoes_ia93182.jpg?preset=details,93182,69.99,b57f19ac-882b-4006-b983-753faa78507e
Women's Energy Sneaker,https://www.famousfootwear.com/ProductImages/shoes_ia90165.jpg?preset=details,90165,59.99,5c481249-c7b8-4f21-a3f9-40cdcb58c27b
Women's Enhance Running Shoe,https://www.famousfootwear.com/ProductImages/shoes_ia50999.jpg?preset=details,50999,79.99,64ce9d81-c86c-403e-8d3f-7c42b29278ea
Women's Enhance Running Shoe,https://www.famousfootwear.com/ProductImages/shoes_ia90521.jpg?preset=details,90521,79.99,6ac7dd47-72a7-4157-b7e1-346bc03b3ac9
Women's Enzo Sneaker,https://www.famousfootwear.com/ProductImages/shoes_ia58224.jpg?preset=details,58224,69.99,7acd507d-f505-4455-a419-9b23ca650b89
Women's Enzo Sneaker,https://www.famousfootwear.com/ProductImages/shoes_ia91917.jpg?preset=details,91917,59.99,b9642698-9905-4e9d-81cf-9f84fc6b6ed0
Women's Excursion TR 12 Trail Shoe,https://www.famousfootwear.com/ProductImages/shoes_ia78773.jpg?preset=details,78773,64.99,c1bbb076-6a63-4095-bade-eef00051d2bd
Women's Excursion Trail Running Shoe,https://www.famousfootwear.com/ProductImages/shoes_ia90824.jpg?preset=details,90824,64.99,3219e30b-5a1b-4817-ac50-7c5861e95c09
Women's Excursion Wide Trail Running Shoe,https://www.famousfootwear.com/ProductImages/shoes_ia90825.jpg?preset=details,90825,64.99,2e036a5f-7db6-4bca-b18d-7400178376e9
Women's Excursion Wide Trail Running Shoe,https://www.famousfootwear.com/ProductImages/shoes_ia92701.jpg?preset=details,92701,64.99,956abbdc-4b41-444b-ac98-9366611db46e
Women's FREEDOM ISO RUNNING SHOE,https://www.famousfootwear.com/ProductImages/shoes_ia92082.jpg?preset=details,92082,79.99,c836dfc6-6538-41f9-a1aa-d47ff63a453a
Women's Flex Appeal 3.0 Sneaker,https://www.famousfootwear.com/ProductImages/shoes_ia91493.jpg?preset=details,91493,54.99,13879fa5-0de8-4842-b9d8-f707a6e3cde7
Women's Flex Appeal 3.0 Sneaker,https://www.famousfootwear.com/ProductImages/shoes_ia91490.jpg?preset=details,91490,54.99,278418fc-111b-4341-9f7e-50a588f79270
Women's Flex Appeal 3.0 Sneaker,https://www.famousfootwear.com/ProductImages/shoes_ia33679.jpg?preset=details,33679,54.99,198672be-141e-47ee-a60d-a3e2ba8d2d2a
Women's Flex Appeal 3.0 Sneaker,https://www.famousfootwear.com/ProductImages/shoes_ia18020.jpg?preset=details,18020,54.99,aead5240-087a-4acf-8c93-893cc42252bf
Women's Flex Appeal 3.0 Sneaker,https://www.famousfootwear.com/ProductImages/shoes_ia91494.jpg?preset=details,91494,54.99,ffa77507-9329-44fa-9c6c-1697518d221c
Women's Flex Appeal 3.0 Sneaker,https://www.famousfootwear.com/ProductImages/shoes_ia18018.jpg?preset=details,18018,54.99,6b0de16a-b072-443b-b1cc-0cc53d3d77b2
Women's Flex Contact 3 Running Shoe,https://www.famousfootwear.com/ProductImages/shoes_ia92788.jpg?preset=details,92788,74.99,d10ec2c1-99fe-48d2-a48d-bd42df5f272e
Women's Flex Contact 3 Running Shoe,https://www.famousfootwear.com/ProductImages/shoes_ia92789.jpg?preset=details,92789,74.99,776554df-8b14-4b5f-98f1-eb5ccaa6987d
Women's Flex Experience 8 Running Shoe,https://www.famousfootwear.com/ProductImages/shoes_ia35894.jpg?preset=details,35894,64.99,2895dd06-289c-421f-b9e9-dc4dd0356b5b
Women's Flex Experience 8 Running Shoe,https://www.famousfootwear.com/ProductImages/shoes_ia35892.jpg?preset=details,35892,64.99,efa52666-c3a3-4164-9b96-9b3a89852dba
Women's Flex Experience 8 Running Shoe,https://www.famousfootwear.com/ProductImages/shoes_ia32681.jpg?preset=details,32681,54.99,6868bd23-c952-48ee-b511-34e735759ed8
Women's Flex Experience 8 Running Shoe,https://www.famousfootwear.com/ProductImages/shoes_ia97190.jpg?preset=details,97190,64.99,93f66a86-caaa-48eb-990b-7063b75a96b0
Women's Flex Experience 8 Running Shoe,https://www.famousfootwear.com/ProductImages/shoes_ia35893.jpg?preset=details,35893,64.99,df4c94f6-7502-4884-8686-20c665b26bd6
Women's Flex Experience 8 Wide Running Shoe,https://www.famousfootwear.com/ProductImages/shoes_ia35895.jpg?preset=details,35895,64.99,6eeadec2-a9ce-4486-9c94-119ddb857464
Women's Flex Experience 8 Wide Running Shoe,https://www.famousfootwear.com/ProductImages/shoes_ia32688.jpg?preset=details,32688,64.99,ba9969af-8dbc-41c4-a766-ec289b6fc8c2
Women's Flex Experience 8 Wide Running Shoe,https://www.famousfootwear.com/ProductImages/shoes_ia32680.jpg?preset=details,32680,64.99,057f2a0e-be23-4a7b-a7f4-7f9e0d7e336f
Women's Flex Trainer 9 Wide Training Shoe,https://www.famousfootwear.com/ProductImages/shoes_ia92800.jpg?preset=details,92800,69.99,da295fe5-1d1d-4b8f-a0d4-ccf88e7c22e7
Women's Foundation Elite TR Training Shoe,https://www.famousfootwear.com/ProductImages/shoes_ia92136.jpg?preset=details,92136,69.99,3343531b-5b63-4522-9fd1-6641b1979638
Women's Foundation Elite TR Training Shoe,https://www.famousfootwear.com/ProductImages/shoes_ia91749.jpg?preset=details,91749,69.99,3edcfe48-c593-4cf9-9137-75951f772259
Women's Foundation Elite TR Training Shoe,https://www.famousfootwear.com/ProductImages/shoes_ia35899.jpg?preset=details,35899,69.99,9e28ea1d-61d3-4af7-ba91-62a45d3010ef
Women's Foundation Elite TR Training Shoe,https://www.famousfootwear.com/ProductImages/shoes_ia91743.jpg?preset=details,91743,59.99,5320eca0-4589-40a4-a018-b6c2a1e294d6
Women's Fresh Foam Arishi Running Shoe,https://www.famousfootwear.com/ProductImages/shoes_ia30755.jpg?preset=details,30755,54.99,7fcd6943-6586-46d3-83af-db46618b1eb5
Women's GEL-Contend 4 Running Shoe,https://www.famousfootwear.com/ProductImages/shoes_ia78542.jpg?preset=details,78542,54.99,aa988fea-c9fa-400f-9639-04ae23f54da9
Women's GEL-Contend 5 Wide Running Shoe,https://www.famousfootwear.com/ProductImages/shoes_ia74480.jpg?preset=details,74480,64.99,7223976f-c6ec-4eba-9604-f1466b12c279
Women's GEL-Contend 5 Wide Running Shoe,https://www.famousfootwear.com/ProductImages/shoes_ia72649.jpg?preset=details,72649,64.99,f8a32a36-f0ab-4aec-89b0-a4fcee916232
Women's GEL-Venture 6 Trail Running Shoe,https://www.famousfootwear.com/ProductImages/shoes_ia72632.jpg?preset=details,72632,59.99,955512eb-df13-4f48-8c1c-9a5c4969e5b5
Women's GEL-Venture 6 Trail Running Shoe,https://www.famousfootwear.com/ProductImages/shoes_ia72631.jpg?preset=details,72631,59.99,d0ae7e62-eedf-48e6-94b2-1bcdfe05704c
Women's GEL-Venture 6 Trail Running Shoe,https://www.famousfootwear.com/ProductImages/shoes_ia72071.jpg?preset=details,72071,59.99,20ce38f7-57f9-4b29-aaa9-0acaf3ccccf6
Women's GEL-Venture 6 Wide Trail Running Shoe,https://www.famousfootwear.com/ProductImages/shoes_ia00711.jpg?preset=details,711,59.99,6e9fc2a6-124e-4341-9b9b-871c218e08a6
Women's GEL-Venture 6 Wide Trail Running Shoe,https://www.famousfootwear.com/ProductImages/shoes_ia18874.jpg?preset=details,18874,59.99,06d0069c-9a1e-40ea-bf1b-aeab5372c4e5
Women's GEL-Venture 6 Wide Trail Running Shoe,https://www.famousfootwear.com/ProductImages/shoes_ia18619.jpg?preset=details,18619,59.99,07813f17-c9e4-4c0b-af14-08e9b423ab8f
Women's GEL-ZIRUSS 2 Running Shoe,https://www.famousfootwear.com/ProductImages/shoes_ia78536.jpg?preset=details,78536,109.99,9de0eff1-efed-4f0b-beb9-33ffb4a23126
Women's GRID COHESION TR12,https://www.famousfootwear.com/ProductImages/shoes_ia91982.jpg?preset=details,91982,59.99,92e7ee5e-f964-4d7e-880f-bbe6c2404ad3
Women's GUIDE RUNNING SHOE,https://www.famousfootwear.com/ProductImages/shoes_ia92070.jpg?preset=details,92070,79.99,c2d2e111-9727-43e7-ada9-bb393c1a4188
Women's GUIDE RUNNING SHOE,https://www.famousfootwear.com/ProductImages/shoes_ia92069.jpg?preset=details,92069,79.99,03a75036-56be-4bdc-a567-992c4bb5035f
Women's Gel Contend 5 Running Shoe,https://www.famousfootwear.com/ProductImages/shoes_ia72647.jpg?preset=details,72647,64.99,cb56f441-cce6-403d-a5d6-432ffc354968
Women's Gel Excite 6 Running Shoe,https://www.famousfootwear.com/ProductImages/shoes_ia35423.jpg?preset=details,35423,69.99,a5157dfe-b85f-4530-a54f-c61e78ae30e5
Women's Gel Excite 6 Wide Running Shoe,https://www.famousfootwear.com/ProductImages/shoes_ia35413.jpg?preset=details,35413,69.99,3a4c8f35-6d48-43ba-a56b-e15b6404e914
Women's Grand Court Sneaker,https://www.famousfootwear.com/ProductImages/shoes_ia56695.jpg?preset=details,56695,59.99,c9324eb3-2fc6-4bf0-accb-0cb71ada235d
Women's Grand Court Sneaker,https://www.famousfootwear.com/ProductImages/shoes_ia30219.jpg?preset=details,30219,59.99,e2c438f5-861e-4f39-9185-2161a7d80e77
Women's Grand Court Sneaker,https://www.famousfootwear.com/ProductImages/shoes_ia33526.jpg?preset=details,33526,64.99,22c58c77-6b52-4e10-af3c-a11d1e2d7e4f
Women's Grand Court Sneaker,https://www.famousfootwear.com/ProductImages/shoes_ia56694.jpg?preset=details,56694,59.99,d8e32ee1-7d5e-4e06-9efb-5d83ae53446a
Women's Grand Court Sneaker,https://www.famousfootwear.com/ProductImages/shoes_ia30215.jpg?preset=details,30215,64.99,1d4fb4c1-5697-42d9-8a96-bdd111bccdcf
Women's Grand Court Sneaker,https://www.famousfootwear.com/ProductImages/shoes_ia90189.jpg?preset=details,90189,64.99,89358f46-fd73-462f-80d6-ab52a35941fa
Women's Grand Court Sneaker,https://www.famousfootwear.com/ProductImages/shoes_ia33533.jpg?preset=details,33533,64.99,a8d6edae-5940-4998-8828-f54aa55c12cd
Women's Grand Court Sneaker,https://www.famousfootwear.com/ProductImages/shoes_ia30220.jpg?preset=details,30220,59.99,d4ef45e1-c5ad-44b9-8483-e0ddb16c55ad
Women's Gratis Slip On Sneaker,https://www.famousfootwear.com/ProductImages/shoes_ia33667.jpg?preset=details,33667,59.99,0e5444d9-29aa-42ee-bdb0-d14d4c261522
Women's Gratis Slip On Sneaker,https://www.famousfootwear.com/ProductImages/shoes_ia58370.jpg?preset=details,58370,54.99,3a3585f6-81b3-43c5-a34d-4a6e2cba6dfc
Women's Gratis Slip On Sneaker,https://www.famousfootwear.com/ProductImages/shoes_ia90263.jpg?preset=details,90263,59.99,5221cde7-d5d3-41db-b23f-5d2f6e15ec24
Women's Gratis Slip On Sneaker,https://www.famousfootwear.com/ProductImages/shoes_ia75624.jpg?preset=details,75624,59.99,2f0af166-a594-4d62-a8a4-fbfcf3d5a713
Women's Gratis Slip On Sneaker,https://www.famousfootwear.com/ProductImages/shoes_ia75638.jpg?preset=details,75638,59.99,6eaf32c3-40d1-4c2f-97e1-c111665bba0f
Women's Gratis Slip On Wide Sneaker,https://www.famousfootwear.com/ProductImages/shoes_ia33690.jpg?preset=details,33690,59.99,8b6fbb4a-4d07-4b90-ac4d-cdd2207f2af9
Women's Hurricane 4 ISO Running Shoe,https://www.famousfootwear.com/ProductImages/shoes_ia96188.jpg?preset=details,96188,99.99,40d91f37-98bb-49c8-9fe4-672f4fad310a
Women's Hurricane 4 ISO Wide Running Shoe,https://www.famousfootwear.com/ProductImages/shoes_ia96189.jpg?preset=details,96189,99.99,e102ae01-684f-44a7-a085-26186a777cd2
Women's In Season TR 8 Wide Training Shoe,https://www.famousfootwear.com/ProductImages/shoes_ia78357.jpg?preset=details,78357,59.99,20643153-acd6-42b5-8e3a-60bb874eb8e7
Women's Incite Running Shoe,https://www.famousfootwear.com/ProductImages/shoes_ia50709.jpg?preset=details,50709,59.99,1d52bdd4-6cc4-45f3-a89d-3305aec8a824
Women's Incite Running Shoe,https://www.famousfootwear.com/ProductImages/shoes_ia92051.jpg?preset=details,92051,59.99,68de6eab-02fb-46b8-b71e-3e68240393d7
Women's Incite Running Shoe,https://www.famousfootwear.com/ProductImages/shoes_ia58339.jpg?preset=details,58339,59.99,04e5dafc-2ab6-4704-8505-af1f794cbe41
Women's Incite Running Shoe,https://www.famousfootwear.com/ProductImages/shoes_ia58340.jpg?preset=details,58340,59.99,2e8d9a82-da95-4320-80a2-f34a7effbb1d
Women's Legend React 2 Running Shoe,https://www.famousfootwear.com/ProductImages/shoes_ia78519.jpg?preset=details,78519,59.99,ccf85fac-0835-455a-bc62-ff492bdde253
Women's Legend React 2 Running Shoe,https://www.famousfootwear.com/ProductImages/shoes_ia78518.jpg?preset=details,78518,59.99,177d0429-2e62-457d-a01a-ff038fa096ca
Women's Legend React 2 Running Shoe,https://www.famousfootwear.com/ProductImages/shoes_ia35875.jpg?preset=details,35875,99.99,1630a10d-abe9-46d0-ab13-61dc543d2400
Women's Legend React 2 Running Shoe,https://www.famousfootwear.com/ProductImages/shoes_ia55793.jpg?preset=details,55793,89.99,f09f97d5-b3b2-4f77-a7f2-1e27dc673218
Women's Legend React 2 Running Shoe,https://www.famousfootwear.com/ProductImages/shoes_ia32731.jpg?preset=details,32731,99.99,97d1b1fd-757c-48f0-8840-b863441f01c0
Women's Legend React 2 Running Shoe,https://www.famousfootwear.com/ProductImages/shoes_ia91861.jpg?preset=details,91861,84.99,4e569542-60c3-4de4-95b1-b77e30cfeb9a
Women's Lite Racer RBN Sneaker,https://www.famousfootwear.com/ProductImages/shoes_ia30410.jpg?preset=details,30410,69.99,3fb2060c-54e1-489a-ac94-0abf61d07a84
Women's Lite Racer RBN Sneaker,https://www.famousfootwear.com/ProductImages/shoes_ia30413.jpg?preset=details,30413,69.99,5d93800c-485d-44f7-bf57-9d5bad76d66b
Women's Lite Racer RBN Sneaker,https://www.famousfootwear.com/ProductImages/shoes_ia30408.jpg?preset=details,30408,69.99,2542948f-8009-4cef-908a-43026b096caf
Women's Meridian Sneaker,https://www.famousfootwear.com/ProductImages/shoes_ia00871.jpg?preset=details,871,36.99,a8d18679-cb6d-47a2-8c80-58f2fe0f5152
Women's Meridian Sneaker,https://www.famousfootwear.com/ProductImages/shoes_ia00858.jpg?preset=details,858,44.99,c98a69b0-afa2-41f5-bbb6-1c31cdea4030
Women's Neko Retro Sneaker,https://www.famousfootwear.com/ProductImages/shoes_ia56559.jpg?preset=details,56559,59.99,b780b1e0-dcb9-4cea-9363-fa487276a101
Women's Nergize Sneaker,https://www.famousfootwear.com/ProductImages/shoes_ia73679.jpg?preset=details,73679,59.99,fbd81e92-0ed1-42d3-8553-98364e66dd80
Women's Nergize Sneaker,https://www.famousfootwear.com/ProductImages/shoes_ia70747.jpg?preset=details,70747,59.99,c011e738-0a49-4f44-b397-9aa458a091a1
Women's Nergize Sneaker,https://www.famousfootwear.com/ProductImages/shoes_ia91697.jpg?preset=details,91697,59.99,1362b2b2-9fdf-4431-9749-eaa6a6f256d6
Women's Nergize Sneaker,https://www.famousfootwear.com/ProductImages/shoes_ia91426.jpg?preset=details,91426,59.99,5bf89d93-b2e3-47a8-bc96-b9d3004546c0
Women's Nike SB Check Solar Canvas Sneaker,https://www.famousfootwear.com/ProductImages/shoes_ia35516.jpg?preset=details,35516,64.99,d6c3244f-c2fc-487b-bf65-b315b63f5dc9
Women's Nike SB Check Solar Canvas Sneaker,https://www.famousfootwear.com/ProductImages/shoes_ia18955.jpg?preset=details,18955,59.99,deb9fe2f-ee0a-41f1-af13-3c9e7d25c3bb
Women's Nike SB Check Solar Canvas Sneaker,https://www.famousfootwear.com/ProductImages/shoes_ia74770.jpg?preset=details,74770,59.99,81a86557-8cd5-4188-a9d0-e08b3a0878f0
Women's Pacer Next Cage Sneaker,https://www.famousfootwear.com/ProductImages/shoes_ia91973.jpg?preset=details,91973,64.99,98443862-56cc-40d5-bc1b-6cf99cf3f6fa
Women's Pacer Next Cage Sneaker,https://www.famousfootwear.com/ProductImages/shoes_ia91962.jpg?preset=details,91962,69.99,581ce244-4ac0-40b0-bbde-04e2fe2b69d8
Women's Pacer Next Cage Sneaker,https://www.famousfootwear.com/ProductImages/shoes_ia74199.jpg?preset=details,74199,69.99,2e4073fa-acb4-4006-9d2c-83605088097e
Women's Pacer Next Cage Sneaker,https://www.famousfootwear.com/ProductImages/shoes_ia72689.jpg?preset=details,72689,69.99,2fdb517f-84e5-4a32-8b9f-8d2f18d08be8
Women's Pacer Next Cage Sneaker,https://www.famousfootwear.com/ProductImages/shoes_ia91283.jpg?preset=details,91283,69.99,70e17ff6-bd3c-47ee-8701-feb733a66966
Women's Pacer Next Cage Sneaker,https://www.famousfootwear.com/ProductImages/shoes_ia58234.jpg?preset=details,58234,69.99,da46f77d-9a6c-4425-b945-431c7e170ca9
Women's Pacer Next Cage Sneaker,https://www.famousfootwear.com/ProductImages/shoes_ia56544.jpg?preset=details,56544,69.99,6c101463-aee1-4c7d-a15b-7397fb95074b
Women's Pacer Next Cage Sneaker,https://www.famousfootwear.com/ProductImages/shoes_ia90388.jpg?preset=details,90388,64.99,90e1f432-375c-4e47-b533-3aaa3c2ab625
Women's Pacer Next Cage Sneaker,https://www.famousfootwear.com/ProductImages/shoes_ia58233.jpg?preset=details,58233,69.99,cd917733-19b2-4776-a03c-98cf6d49a753
Women's Postrunner 2 Sneaker,https://www.famousfootwear.com/ProductImages/shoes_ia30725.jpg?preset=details,30725,59.99,1a21f674-cb93-445b-99fc-fc2b98ad52c5
Women's Princess Medium/Wide Sneaker,https://www.famousfootwear.com/ProductImages/shoes_ia98491.jpg?preset=details,98491,49.99,9a4336d7-59b3-4451-9b56-9a3fcedb3d55
Women's Prowl Sneaker,https://www.famousfootwear.com/ProductImages/shoes_ia74344.jpg?preset=details,74344,64.99,ddacf6a5-0023-4b5e-986c-ce221ed5beac
Women's Prowl Sneaker,https://www.famousfootwear.com/ProductImages/shoes_ia91960.jpg?preset=details,91960,64.99,9f3377e4-7065-4e30-955b-b698eb2d0b42
Women's Prowl Sneaker,https://www.famousfootwear.com/ProductImages/shoes_ia73304.jpg?preset=details,73304,54.99,b9b15b06-fec8-4129-b770-3dd91fb0fbe1
Women's Prowl Sneaker,https://www.famousfootwear.com/ProductImages/shoes_ia72716.jpg?preset=details,72716,49.99,57f9b14f-97ec-46e6-ac12-cc9adabba3a9
Women's Pursuit Running Shoe,https://www.famousfootwear.com/ProductImages/shoes_ia72507.jpg?preset=details,72507,59.99,63ec63ed-e462-4fc6-9fc5-a6c7493ab963
Women's Quest Running Shoe,https://www.famousfootwear.com/ProductImages/shoes_ia92790.jpg?preset=details,92790,74.99,a5a8d71c-74d2-4868-9371-8edeb20242e7
Women's Questar Flow Sneaker,https://www.famousfootwear.com/ProductImages/shoes_ia30429.jpg?preset=details,30429,74.99,8ac6621d-e13f-4496-92e6-46eac7a91045
Women's Questar Flow Sneaker,https://www.famousfootwear.com/ProductImages/shoes_ia33463.jpg?preset=details,33463,64.99,f846a38c-8e56-4ba0-8fe0-85f2f21054f5
Women's Questar Flow Sneaker,https://www.famousfootwear.com/ProductImages/shoes_ia56504.jpg?preset=details,56504,69.99,2dc6f449-fcbc-4ea6-8e06-008927e98507
Women's Questar Flow Sneaker,https://www.famousfootwear.com/ProductImages/shoes_ia30203.jpg?preset=details,30203,69.99,1d550600-768f-4fca-ac07-0b05f5f27338
Women's Ray Tracer Sneaker,https://www.famousfootwear.com/ProductImages/shoes_ia94981.jpg?preset=details,94981,74.99,d71cb781-b750-45c3-a50a-dc3711872ee4
Women's Ray Tracer Sneaker,https://www.famousfootwear.com/ProductImages/shoes_ia94982.jpg?preset=details,94982,74.99,ccb6916c-aedb-4917-bd27-9b4cad078b85
Women's Reax Run 5 Running Shoe,https://www.famousfootwear.com/ProductImages/shoes_ia72566.jpg?preset=details,72566,74.99,dce5a727-f85e-44cb-83ef-e943abbfbb50
Women's Remix Running Shoe,https://www.famousfootwear.com/ProductImages/shoes_ia70829.jpg?preset=details,70829,59.99,a02bfefb-f8c3-40a9-b085-a6696a824cf6
Women's Remix Running Shoe,https://www.famousfootwear.com/ProductImages/shoes_ia74514.jpg?preset=details,74514,59.99,6f7eab17-0af8-4cd7-9a5f-e230c047174e
Women's Renew Arena Running Shoe,https://www.famousfootwear.com/ProductImages/shoes_ia32993.jpg?preset=details,32993,64.99,9d86fa9b-6e5b-470f-87b4-df9446ce73b9
Women's Renew Arena Running Shoe,https://www.famousfootwear.com/ProductImages/shoes_ia32968.jpg?preset=details,32968,74.99,661870e6-7539-455f-a7ef-4528e3f96332
Women's Rogue Running Shoe,https://www.famousfootwear.com/ProductImages/shoes_ia34823.jpg?preset=details,34823,79.99,7e2a1fce-9dd3-4abb-8457-96a2b21211c3
Women's Roshe Sneaker,https://www.famousfootwear.com/ProductImages/shoes_ia96715.jpg?preset=details,96715,74.99,ed9a6693-77a8-4541-acab-52f290320cdf
Women's Run Swift Running Shoe,https://www.famousfootwear.com/ProductImages/shoes_ia00340.jpg?preset=details,340,59.99,86229ab2-ccd9-44f6-8b07-4a7d1d9820af
Women's Run Swift Running Shoe,https://www.famousfootwear.com/ProductImages/shoes_ia71084.jpg?preset=details,71084,69.99,f6bdae1d-9715-4ee8-a3a5-c5aae7922fa9
Women's Run Swift Running Shoe,https://www.famousfootwear.com/ProductImages/shoes_ia92132.jpg?preset=details,92132,69.99,757b4820-8f8d-4f20-8606-14804c214413
Women's Run Swift Running Shoe,https://www.famousfootwear.com/ProductImages/shoes_ia77927.jpg?preset=details,77927,69.99,73fb249d-10b4-4918-8d15-12fa351bd945
Women's Run Swift Wide Running Shoe,https://www.famousfootwear.com/ProductImages/shoes_ia92133.jpg?preset=details,92133,69.99,b3ce82b2-3ad7-4e2f-b847-9c3fa62f93b1
Women's Run Swift Wide Running Shoe,https://www.famousfootwear.com/ProductImages/shoes_ia91776.jpg?preset=details,91776,69.99,73a80b6b-a2a3-44e0-9a33-33839542ad13
Women's Runfalcon Running Shoe,https://www.famousfootwear.com/ProductImages/shoes_ia18930.jpg?preset=details,18930,49.99,2a5467c8-d634-4c95-a6bc-437d8199c206
Women's Runfalcon Running Shoe,https://www.famousfootwear.com/ProductImages/shoes_ia18939.jpg?preset=details,18939,49.99,4f7b74d6-1b57-4d0a-9d01-62ec4b62aee4
Women's Signal Running Shoe,https://www.famousfootwear.com/ProductImages/shoes_ia59641.jpg?preset=details,59641,84.99,572e9a97-4bc6-4e2e-8873-349d11b531fd
Women's Sprint Evo Memory Foam Running Shoe,https://www.famousfootwear.com/ProductImages/shoes_ia70286.jpg?preset=details,70286,49.99,b507237b-705d-472f-84c1-5ea27eea2e5d
Women's Street Cleat Sneaker,https://www.famousfootwear.com/ProductImages/shoes_ia76966.jpg?preset=details,76966,54.99,0a94332d-4d81-4aff-a859-83a637f4826c
Women's Street Cleat Sneaker,https://www.famousfootwear.com/ProductImages/shoes_ia94705.jpg?preset=details,94705,54.99,34af67b5-e6b1-463e-9031-22efef36788f
Women's Street Cleat Sneaker,https://www.famousfootwear.com/ProductImages/shoes_ia76974.jpg?preset=details,76974,54.99,510f23e7-b599-4cbe-9de4-3a4824913b68
Women's Street Cleat Sneaker,https://www.famousfootwear.com/ProductImages/shoes_ia94700.jpg?preset=details,94700,54.99,f57f5b5c-1120-4c7e-b039-5bb9e9c4c7f5
Women's Surge Running Shoe,https://www.famousfootwear.com/ProductImages/shoes_ia90823.jpg?preset=details,90823,59.99,fe0f3906-bcb1-4a94-95dc-a5390eea3e61
Women's Surge Wide Running Shoe,https://www.famousfootwear.com/ProductImages/shoes_ia78530.jpg?preset=details,78530,59.99,e0ec1110-977a-43c0-a086-3e1cb4ddd89a
Women's Synergy Sneaker,https://www.famousfootwear.com/ProductImages/shoes_ia00876.jpg?preset=details,876,59.99,2100512b-65bc-40d1-91e6-b33935a042b4
Women's Tanjun Sneaker,https://www.famousfootwear.com/ProductImages/shoes_ia91598.jpg?preset=details,91598,49.99,67074816-1635-4276-ba94-0129a7a19190
Women's Tanjun Sneaker,https://www.famousfootwear.com/ProductImages/shoes_ia92151.jpg?preset=details,92151,64.99,51ac28f5-9987-4b71-abd4-89842f808ef1
Women's Tanjun Sneaker,https://www.famousfootwear.com/ProductImages/shoes_ia32022.jpg?preset=details,32022,64.99,b69c3843-4dd4-42cc-8da7-8ed4ee26bc81
Women's Tanjun Sneaker,https://www.famousfootwear.com/ProductImages/shoes_ia78605.jpg?preset=details,78605,64.99,9e520cff-ac36-4f6e-a378-cdfd22065e5d
Women's Tanjun Sneaker,https://www.famousfootwear.com/ProductImages/shoes_ia54553.jpg?preset=details,54553,64.99,a97f6185-99e6-40b4-982c-3373f5129e98
Women's Tanjun Sneaker,https://www.famousfootwear.com/ProductImages/shoes_ia54552.jpg?preset=details,54552,64.99,f7830168-d25c-4719-b65e-66b2b161dbf3
Women's Tanjun Sneaker,https://www.famousfootwear.com/ProductImages/shoes_ia91857.jpg?preset=details,91857,54.99,ffb8a97d-e95e-4566-a432-8a73fb8e5889
Women's Tanjun Sneaker,https://www.famousfootwear.com/ProductImages/shoes_ia34939.jpg?preset=details,34939,64.99,d9966a1b-9f8f-4d32-9ed9-c19cfe53d60a
Women's Tanjun Sneaker,https://www.famousfootwear.com/ProductImages/shoes_ia32020.jpg?preset=details,32020,64.99,f773d712-31a2-4fb5-8a7e-f8e88152dde2
Women's Tanjun Sneaker,https://www.famousfootwear.com/ProductImages/shoes_ia71895.jpg?preset=details,71895,59.99,7f30e72f-0331-4941-8dbd-b98a8a4a2041
Women's Tanjun Sneaker,https://www.famousfootwear.com/ProductImages/shoes_ia59550.jpg?preset=details,59550,64.99,2275edbf-b750-4fc3-a307-15c689988a88
Women's Tanjun Wide Sneaker,https://www.famousfootwear.com/ProductImages/shoes_ia77124.jpg?preset=details,77124,64.99,29127336-39c2-49a6-b2d0-08d4fb3b3dd4
Women's Tanjun Wide Sneaker,https://www.famousfootwear.com/ProductImages/shoes_ia77122.jpg?preset=details,77122,64.99,322e7b9a-c1c3-4b88-96e7-821813d94825
Women's Tazon 6 FM Wide Running Shoe,https://www.famousfootwear.com/ProductImages/shoes_ia72327.jpg?preset=details,72327,64.99,54991cbf-de59-4064-9826-05a7b85dd85d
Women's Tazon 6 FM Wide Running Shoe,https://www.famousfootwear.com/ProductImages/shoes_ia91974.jpg?preset=details,91974,64.99,a88bad78-4627-4bfd-bb79-262e54e66ebd
Women's Tazon 6 FM Wide Running Shoe,https://www.famousfootwear.com/ProductImages/shoes_ia58306.jpg?preset=details,58306,69.99,c4ecadc1-9510-45e9-93c8-8d56cd80a3fa
Women's Transmit Running Shoe,https://www.famousfootwear.com/ProductImages/shoes_ia59649.jpg?preset=details,59649,99.99,a427a0af-6a7a-40b5-bcaf-3889d8fcbd59
Women's Ultra Flex Statement Sneaker,https://www.famousfootwear.com/ProductImages/shoes_ia77022.jpg?preset=details,77022,54.99,c7ce5bb7-14e8-48aa-9a91-d30c985ccf84
Women's Ultra Flex Statement Sneaker,https://www.famousfootwear.com/ProductImages/shoes_ia76996.jpg?preset=details,76996,54.99,96a1796d-873e-4ea0-8b25-5c82c251e4a8
Women's Ultra Flex Statement Sneaker,https://www.famousfootwear.com/ProductImages/shoes_ia76338.jpg?preset=details,76338,54.99,ee4e257e-016e-4ed6-b47d-17af95b28de4
Women's VIVID Training Shoe,https://www.famousfootwear.com/ProductImages/shoes_ia18025.jpg?preset=details,18025,59.99,b85d3fa8-b98a-4201-986a-082012610e22
Women's Viale Sneaker,https://www.famousfootwear.com/ProductImages/shoes_ia32646.jpg?preset=details,32646,64.99,9106cad1-b4bd-409e-b458-cd66c1e8a281
Women's Viale Sneaker,https://www.famousfootwear.com/ProductImages/shoes_ia92700.jpg?preset=details,92700,69.99,0c98fb23-dcab-4280-90f5-9ae16447367b
Women's Viale Sneaker,https://www.famousfootwear.com/ProductImages/shoes_ia32645.jpg?preset=details,32645,59.99,b08ca0d9-f85a-4b6f-ae74-6e8cae34ee5b
Women's Ward Deluxe Ultra Cush Sneaker,https://www.famousfootwear.com/ProductImages/shoes_ia18157.jpg?preset=details,18157,64.99,4115ab07-f5c0-4608-9d56-e42fd5f9fde4
Women's Ward High Top Sneaker,https://www.famousfootwear.com/ProductImages/shoes_ia78992.jpg?preset=details,78992,64.99,0ace02dd-8ce8-43ca-9500-96712e3ffc0e
Women's Ward High Top Sneaker,https://www.famousfootwear.com/ProductImages/shoes_ia30286.jpg?preset=details,30286,64.99,10215353-10e1-4cab-8b34-c1f7d05f2a36
Women's Ward High Top Sneaker,https://www.famousfootwear.com/ProductImages/shoes_ia18013.jpg?preset=details,18013,64.99,003faa5a-887e-48e7-a818-1987af98b195
Women's Ward High Top Sneaker,https://www.famousfootwear.com/ProductImages/shoes_ia78989.jpg?preset=details,78989,64.99,3deb6a6a-f58e-4c63-a8e3-e679302a0184
Women's Ward High Top Sneaker,https://www.famousfootwear.com/ProductImages/shoes_ia30285.jpg?preset=details,30285,64.99,dfc2b979-81df-4941-88fd-872ca5c07a92
Women's Ward Low Top Sneaker,https://www.famousfootwear.com/ProductImages/shoes_ia57680.jpg?preset=details,57680,64.99,15695a53-96cf-4bb1-918e-6623701b2e8b
Women's Ward Low Top Sneaker,https://www.famousfootwear.com/ProductImages/shoes_ia50327.jpg?preset=details,50327,64.99,e627fdd6-11c5-452c-a10f-bdb445a40d3c
Women's Ward Low Top Sneaker,https://www.famousfootwear.com/ProductImages/shoes_ia50324.jpg?preset=details,50324,64.99,0fea6df7-288e-402d-8373-2fe0f6a7c781
Women's Ward Low Top Sneaker,https://www.famousfootwear.com/ProductImages/shoes_ia57674.jpg?preset=details,57674,59.99,3baeba71-be89-4c3f-9c48-4891dc110a0d
Women's Ward Low Top Sneaker,https://www.famousfootwear.com/ProductImages/shoes_ia91710.jpg?preset=details,91710,64.99,a369ceca-8111-411f-8a34-38496ced0eea
Women's Ward Low Top Sneaker,https://www.famousfootwear.com/ProductImages/shoes_ia00327.jpg?preset=details,327,59.99,28c1c4f9-6cab-4d1b-97d8-5afbdf5ab1ec
Women's Ward Low Top Sneaker,https://www.famousfootwear.com/ProductImages/shoes_ia57655.jpg?preset=details,57655,59.99,05dfffa3-499b-4f2f-940e-416383629e2f
Women's Ward Low Top Sneaker,https://www.famousfootwear.com/ProductImages/shoes_ia78995.jpg?preset=details,78995,64.99,6b8e8736-37f2-45b3-b554-d941f17a4f66
Women's Ward Low Top Sneaker,https://www.famousfootwear.com/ProductImages/shoes_ia00320.jpg?preset=details,320,59.99,dcd59948-94e8-41cc-b48e-6baa8d15f802
Women's Ward Low Top Sneaker,https://www.famousfootwear.com/ProductImages/shoes_ia74141.jpg?preset=details,74141,59.99,0c6293b7-2bb4-4a1b-8afd-b98591c2d296
Women's Ward Low Top Sneaker,https://www.famousfootwear.com/ProductImages/shoes_ia30540.jpg?preset=details,30540,59.99,b60d6a6f-ffb1-47f1-b5d6-1c5a84a98161
Women's Ward Low Top Sneaker,https://www.famousfootwear.com/ProductImages/shoes_ia30271.jpg?preset=details,30271,59.99,cc0e08fd-ae48-4c94-902b-92aaa672f6cb
Women's Ward Low Top Sneaker,https://www.famousfootwear.com/ProductImages/shoes_ia00310.jpg?preset=details,310,59.99,bf9e54a6-8e7e-4ec2-aaad-6b12cb15ef11
Women's Ward Low Top Sneaker,https://www.famousfootwear.com/ProductImages/shoes_ia30526.jpg?preset=details,30526,59.99,664684d8-1e5b-4a41-b9f4-5c9025bb8db1
Women's Ward Low Top Sneaker,https://www.famousfootwear.com/ProductImages/shoes_ia50282.jpg?preset=details,50282,59.99,d6ea459a-b448-47d9-9a77-95a221a64a08
Women's Ward Low Top Sneaker,https://www.famousfootwear.com/ProductImages/shoes_ia75302.jpg?preset=details,75302,64.99,8726247c-704d-49a5-abcb-220859f25dc4
Women's Ward Platform Sneaker,https://www.famousfootwear.com/ProductImages/shoes_ia18171.jpg?preset=details,18171,64.99,e77fa77d-2c6d-4610-9037-1a22467075a4
Women's Ward V Sneaker,https://www.famousfootwear.com/ProductImages/shoes_ia18176.jpg?preset=details,18176,69.99,ed8a048a-baa9-4e7b-9d81-1a4b4cd8d5ca
Women's Winflo 5 Wide Running Shoe,https://www.famousfootwear.com/ProductImages/shoes_ia91281.jpg?preset=details,91281,89.99,01830992-26f1-47c9-9c6a-8991cea5d7f7
Women's Winflo 5 Wide Running Shoe,https://www.famousfootwear.com/ProductImages/shoes_ia92113.jpg?preset=details,92113,89.99,40790b9b-10a5-4551-b3be-188e6af2377a
Women's Zenvo Sneaker,https://www.famousfootwear.com/ProductImages/shoes_ia34769.jpg?preset=details,34769,64.99,8350077c-0646-40c0-be51-5b2a93fe92ca
Women's Zinger Sneaker,https://www.famousfootwear.com/ProductImages/shoes_ia94802.jpg?preset=details,94802,39.99,ec0310f7-4eac-45bc-a1e7-35c65354381a
Women's Zinger Sneaker,https://www.famousfootwear.com/ProductImages/shoes_ia94805.jpg?preset=details,94805,39.99,104879af-fc20-4cca-8609-4ee57dcfbc5c
Women's Zinger Sneaker,https://www.famousfootwear.com/ProductImages/shoes_ia94804.jpg?preset=details,94804,39.99,8813e274-6e10-41bb-bccc-18d546cb5f17
Women's Zoom Winflo 5 Running Shoe,https://www.famousfootwear.com/ProductImages/shoes_ia35891.jpg?preset=details,35891,89.99,bc3cecca-ee37-4293-8ccc-721c782bd1cb
Women's Zoom Winflo 5 Running Shoe,https://www.famousfootwear.com/ProductImages/shoes_ia32704.jpg?preset=details,32704,89.99,b83bd52f-e323-4a6e-8ad7-a7a34fa13da2
Women's Zoom Winflo 5 Running Shoe,https://www.famousfootwear.com/ProductImages/shoes_ia32699.jpg?preset=details,32699,89.99,9105e0fa-3158-4ac7-8821-288bcddc453c
Women's Zoom Winflo 5 Running Shoe,https://www.famousfootwear.com/ProductImages/shoes_ia32700.jpg?preset=details,32700,89.99,f9918a07-d246-4066-94d9-ff2ff3d85a2f
Women's Zoom Winflo 5 Running Shoe,https://www.famousfootwear.com/ProductImages/shoes_ia00349.jpg?preset=details,349,89.99,cff7808d-a258-492f-b84d-d83f2b45a595
Women's Zuma Studio Sneaker,https://www.famousfootwear.com/ProductImages/shoes_ia18327.jpg?preset=details,18327,49.99,d7c8cfde-5f2c-426f-a23c-98c58bd364ba
Women's Zuma Studio Sneaker,https://www.famousfootwear.com/ProductImages/shoes_ia32163.jpg?preset=details,32163,49.99,4225f9a5-4b09-4e6d-9ecf-3d6738ff69e9
